{"cameraMode":{"drawMode":0,"name":"Shaded","section":"Shading Mode"},"sceneLighting":false,"audioPlay":false,"sceneViewState":{"showFog":true,"showMaterialUpdate":false,"showSkybox":false,"showFlares":true,"showImageEffects":true,"showParticleSystems":true},"in2DMode":false,"pivot":{"x":-0.004086494445800781,"y":1.5343666076660157,"z":-0.03325545787811279},"rotation":{"x":-0.05978213995695114,"y":-0.07778029143810272,"z":0.004672526847571135,"w":-0.9951655864715576},"size":4.71892786026001,"orthographic":false}